id,name,youtube_url,spotify_id,created_at
1,Lose Yourself,https://www.allmusic.com/artist/eminem-mn0000157676,,2025-03-24 17:41:25
2,(I Can't Get No) Satisfaction,https://www.allmusic.com/artist/the-rolling-stones-mn0000894465,,2025-03-24 17:41:25
3,Black Hole Sun,https://www.allmusic.com/artist/soundgarden-mn0000001098,,2025-03-24 17:41:25
4,Maybellene,https://www.allmusic.com/artist/chuck-berry-mn0000120521,,2025-03-24 17:41:25
5,Cinnamon Girl,https://www.allmusic.com/artist/crazy-horse-mn0000130932,,2025-03-24 17:41:26
6,One Piece at a Time,https://www.allmusic.com/artist/johnny-cash-mn0000816890,,2025-03-24 17:41:26
7,Positively 4th Street,https://www.allmusic.com/artist/bob-dylan-mn0000066915,,2025-03-24 17:41:26
8,Sunny Afternoon,https://www.allmusic.com/artist/the-kinks-mn0000100160,,2025-03-24 17:41:26
9,Time,https://www.allmusic.com/artist/pink-floyd-mn0000346336,,2025-03-24 17:41:26
10,Dancing with the Moonlit Knight,https://www.allmusic.com/artist/genesis-mn0000199995,,2025-03-24 17:41:26
11,Fuck tha Police,https://www.allmusic.com/artist/nwa-mn0000314793,,2025-03-24 17:42:03
12,Breaking the Law,https://www.allmusic.com/artist/judas-priest-mn0000246611,,2025-03-24 17:42:03
13,Mama Said Knock You Out,https://www.allmusic.com/artist/ll-cool-j-mn0000094752,,2025-03-24 17:42:03
14,Fight the Power,https://www.allmusic.com/artist/public-enemy-mn0000856785,,2025-03-24 17:42:04
15,Wish,https://www.allmusic.com/artist/nine-inch-nails-mn0000351733,,2025-03-24 17:42:04
16,Ace of Spades,https://www.allmusic.com/artist/mot%C3%B6rhead-mn0000501407,,2025-03-24 17:42:04
17,Kick Out the Jams,https://www.allmusic.com/artist/mc5-mn0000182598,,2025-03-24 17:42:04
18,Bawitdaba,https://www.allmusic.com/artist/kid-rock-mn0000088180,,2025-03-24 17:42:04
19,Get at Me Dog,https://www.allmusic.com/artist/dmx-mn0000661795,,2025-03-24 17:42:04
20,Communication Breakdown,https://www.allmusic.com/artist/led-zeppelin-mn0000139026,,2025-03-24 17:42:04
21,Maid That's Deep in Love,https://www.allmusic.com/artist/tim-hart-mn0000503187,,2025-03-24 17:42:50
22,Dancing in the Street,https://www.allmusic.com/artist/martha-the-vandellas-mn0001199135,,2025-03-24 17:42:50
23,Raging Eyes,https://www.allmusic.com/artist/nick-lowe-mn0000866841,,2025-03-24 17:42:50
24,Stand by Your Man,https://www.allmusic.com/artist/tammy-wynette-mn0000136640,,2025-03-24 17:42:50
25,Hot for Teacher,https://www.allmusic.com/artist/van-halen-mn0000260206,,2025-03-24 17:42:50
26,Live and Let Die,https://www.allmusic.com/artist/wings-mn0000956707,,2025-03-24 17:42:50
27,Wrong Side of Memphis,https://www.allmusic.com/artist/trisha-yearwood-mn0000749476,,2025-03-24 17:42:50
28,Mi Gente,https://www.allmusic.com/artist/j-balvin-mn0002385504,,2025-03-24 17:42:50
29,I Don't Know Why,https://www.allmusic.com/artist/shawn-colvin-mn0000013387,,2025-03-24 17:42:50
30,Hamadoun Toure,https://www.allmusic.com/artist/sidiki-diabat%C3%A9-mn0003269780,,2025-03-24 17:42:50
31,"A Rainbow in Curved Air, for electric piano, dumbak & tambourines (partially improvised)",https://www.allmusic.com/artist/terry-riley-mn0000750519,,2025-03-24 17:43:29
33,77 Slightly Delayed,https://www.allmusic.com/artist/ashra-mn0000520097,,2025-03-24 17:43:29
35,Freezing,https://www.allmusic.com/artist/philip-glass-mn0000849672,,2025-03-24 17:43:30
36,As Serious as Your Life,https://www.allmusic.com/artist/four-tet-mn0000741236,,2025-03-24 17:43:30
37,"New Blues [Live at Nice Festival, France, July, 1986]",https://www.allmusic.com/artist/miles-davis-mn0000423829,,2025-03-24 17:43:30
38,Lassie Lie Near Me,https://www.allmusic.com/artist/iain-ballamy-mn0000768849,,2025-03-24 17:43:30
39,"Grá agus Bás, for singer and ensemble",https://www.allmusic.com/artist/crash-ensemble-mn0002217309,,2025-03-24 17:43:30
40,The Trees,https://www.allmusic.com/artist/max-richter-mn0000203592,,2025-03-24 17:43:30
41,Everything in Its Right Place,https://www.allmusic.com/artist/radiohead-mn0000326249,,2025-03-24 17:44:10
42,El Gaucho,https://www.allmusic.com/artist/wayne-shorter-mn0000250435,,2025-03-24 17:44:10
43,Goodbye Pork Pie Hat,https://www.allmusic.com/artist/charles-mingus-mn0000009680,,2025-03-24 17:44:11
44,Bemsha Swing,https://www.allmusic.com/artist/thelonious-monk-mn0000490416,,2025-03-24 17:44:11
45,St. Thomas,https://www.allmusic.com/artist/tommy-flanagan-mn0000519715,,2025-03-24 17:44:11
46,Brilliant Disguise,https://www.allmusic.com/artist/bruce-springsteen-mn0000530745,,2025-03-24 17:44:11
47,Crazy,https://www.allmusic.com/artist/willie-nelson-mn0000583959,,2025-03-24 17:44:11
49,Wouldn't It Be Nice,https://www.allmusic.com/artist/the-beach-boys-mn0000041874,,2025-03-24 17:44:11
50,My Baby Just Cares for Me,https://www.allmusic.com/artist/nina-simone-mn0000411761,,2025-03-24 17:44:11
51,ABC,https://www.allmusic.com/artist/the-jackson-5-mn0000083013,,2025-03-24 17:44:51
52,It's Only a Paper Moon,https://www.allmusic.com/artist/nat-king-cole-mn0000317093,,2025-03-24 17:44:51
53,Five Guys Named Moe,https://www.allmusic.com/artist/louis-jordan-mn0000287604,,2025-03-24 17:44:52
54,Give Me the Simple Life,https://www.allmusic.com/artist/june-christy-mn0000837592,,2025-03-24 17:44:52
55,Baby I'm-A Want You,https://www.allmusic.com/artist/bread-mn0000610706,,2025-03-24 17:44:52
56,Joy Spring,https://www.allmusic.com/artist/clifford-brown-mn0000789775,,2025-03-24 17:44:52
57,Wake Me Up Before You Go-Go,https://www.allmusic.com/artist/wham%21-mn0000246960,,2025-03-24 17:44:52
58,Calendar Girl,https://www.allmusic.com/artist/neil-sedaka-mn0000330575,,2025-03-24 17:44:52
59,Girls Just Want to Have Fun,https://www.allmusic.com/artist/cyndi-lauper-mn0000122754,,2025-03-24 17:44:52
60,Ac-Cent-Tchu-Ate the Positive,https://www.allmusic.com/artist/the-andrews-sisters-mn0000043499,,2025-03-24 17:44:52
61,Straight Outta Compton,https://www.allmusic.com/artist/nwa-mn0000314793,,2025-03-24 17:45:32
62,Bombtrack,https://www.allmusic.com/artist/rage-against-the-machine-mn0000863790,,2025-03-24 17:45:32
63,London Calling,https://www.allmusic.com/artist/the-clash-mn0000075747,,2025-03-24 17:45:32
65,Violet,https://www.allmusic.com/artist/hole-mn0000680476,,2025-03-24 17:45:32
66,Rid of Me,https://www.allmusic.com/artist/pj-harvey-mn0000000335,,2025-03-24 17:45:32
67,Head Like a Hole,https://www.allmusic.com/artist/nine-inch-nails-mn0000351733,,2025-03-24 17:45:33
68,Territorial Pissings,https://www.allmusic.com/artist/nirvana-mn0000357406,,2025-03-24 17:45:33
69,God Save the Queen,https://www.allmusic.com/artist/sex-pistols-mn0000418740,,2025-03-24 17:45:33
70,Welcome to the Jungle,https://www.allmusic.com/artist/guns-n-roses-mn0000540883,,2025-03-24 17:45:33
73,Won't Get Fooled Again,https://www.allmusic.com/artist/the-who-mn0000577627,,2025-03-24 17:46:13
75,Reptile,https://www.allmusic.com/artist/nine-inch-nails-mn0000351733,,2025-03-24 17:46:13
77,Never Let Me Down Again,https://www.allmusic.com/artist/depeche-mode-mn0000239921,,2025-03-24 17:46:13
78,Enjoy the Silence,https://www.allmusic.com/artist/depeche-mode-mn0000239921,,2025-03-24 17:46:13
79,What Is Life?,https://www.allmusic.com/artist/black-uhuru-mn0000081683,,2025-03-24 17:46:13
80,Sheila Take a Bow,https://www.allmusic.com/artist/the-smiths-mn0000899530,,2025-03-24 17:46:13
82,Lawdy Miss Clawdy,https://www.allmusic.com/artist/lloyd-price-mn0000827250,,2025-03-24 17:46:56
84,Part-Time Lover,https://www.allmusic.com/artist/stevie-wonder-mn0000622805,,2025-03-24 17:46:56
86,It's a Low Down Dirty Shame,https://www.allmusic.com/artist/big-bill-broonzy-mn0000757873,,2025-03-24 17:46:56
89,Zombie,https://www.allmusic.com/artist/fela-kuti-mn0000138833,,2025-03-24 17:46:56
91,Every Single Night,https://www.allmusic.com/artist/fiona-apple-mn0000169795,,2025-03-24 17:47:35
92,Ionisation,https://www.allmusic.com/artist/edgard-var%C3%A8se-mn0000734199,,2025-03-24 17:47:35
93,Landfall~Built You a Mountain,https://www.allmusic.com/artist/laurie-anderson-mn0000785773,,2025-03-24 17:47:36
94,Hubble,https://www.allmusic.com/artist/actress-mn0001399533,,2025-03-24 17:47:36
95,Kyanite,https://www.allmusic.com/artist/jlin-mn0002791912,,2025-03-24 17:47:36
96,Shameika,https://www.allmusic.com/artist/fiona-apple-mn0000169795,,2025-03-24 17:47:36
97,Devotion,https://www.allmusic.com/artist/john-mclaughlin-mn0000223701,,2025-03-24 17:47:36
98,Señorita,https://www.allmusic.com/artist/chick-corea-mn0000110541,,2025-03-24 17:47:36
100,What Do I Get?,https://www.allmusic.com/artist/buzzcocks-mn0000629564,,2025-03-24 17:48:20
101,Go,https://www.allmusic.com/artist/moby-mn0000477116,,2025-03-24 17:48:20
102,Superman (Main Title),https://www.allmusic.com/artist/john-williams-mn0000232480,,2025-03-24 17:48:20
103,No Charge,https://www.allmusic.com/artist/shirley-caesar-mn0000032071,,2025-03-24 17:48:21
104,Pink Flag,https://www.allmusic.com/artist/wire-mn0000672910,,2025-03-24 17:48:21
105,Outdoor Miner,https://www.allmusic.com/artist/wire-mn0000672910,,2025-03-24 17:48:21
107,Llama,https://www.allmusic.com/artist/phish-mn0000333464,,2025-03-24 17:48:21
108,Man in Black,https://www.allmusic.com/artist/johnny-cash-mn0000816890,,2025-03-24 17:48:21
109,Lost!,https://www.allmusic.com/artist/coldplay-mn0000775877,,2025-03-24 17:49:00
110,Marry the Night,https://www.allmusic.com/artist/lady-gaga-mn0000994823,,2025-03-24 17:49:00
111,Pour Some Sugar on Me,https://www.allmusic.com/artist/def-leppard-mn0000193320,,2025-03-24 17:49:00
112,Rock of Ages,https://www.allmusic.com/artist/def-leppard-mn0000193320,,2025-03-24 17:49:00
113,Living After Midnight,https://www.allmusic.com/artist/judas-priest-mn0000246611,,2025-03-24 17:49:00
114,Toxicity,https://www.allmusic.com/artist/system-of-a-down-mn0000005501,,2025-03-24 17:49:00
115,Absolution,https://www.allmusic.com/artist/ghost-mn0002616588,,2025-03-24 17:49:00
116,Ojos Asi,https://www.allmusic.com/artist/shakira-mn0000790797,,2025-03-24 17:49:00
118,Lizard: Prince Rupert Awakes/Bolero: The Peacock's Tale/The Battle of G,https://www.allmusic.com/artist/king-crimson-mn0000076057,,2025-03-24 17:49:53
120,Personal Nancy,https://www.allmusic.com/artist/marc-ribot-mn0000674728,,2025-03-24 17:49:53
121,Make Me Bad,https://www.allmusic.com/artist/korn-mn0000112789,,2025-03-24 17:49:53
122,Eight Cut Scars [For Robert Turman],https://www.allmusic.com/artist/aaron-dilloway-mn0000812176,,2025-03-24 17:49:53
123,Medellín,https://www.allmusic.com/artist/madonna-mn0000237205,,2025-03-24 17:49:53
124,I Am the Brother of the Wind,https://www.allmusic.com/artist/sun-ra-his-intergalactic-solar-arkestra-mn0000584244,,2025-03-24 17:49:53
125,Mastema,https://www.allmusic.com/artist/pat-metheny-mn0000179698,,2025-03-24 17:50:37
126,Silver Apples of the Moon~Part A,https://www.allmusic.com/artist/morton-subotnick-mn0000857040,,2025-03-24 17:50:38
127,"Life, Life",https://www.allmusic.com/artist/ryuichi-sakamoto-mn0000587608,,2025-03-24 17:50:38
128,Raajat,https://www.allmusic.com/artist/vladislav-delay-mn0000185680,,2025-03-24 17:50:38
129,Eurydice,https://www.allmusic.com/artist/wayne-shorter-mn0000250435,,2025-03-24 17:50:38
130,Night Falls on Inisherin,https://www.allmusic.com/artist/carter-burwell-mn0000149173,,2025-03-24 17:50:38
131,Girl I Love You,https://www.allmusic.com/artist/massive-attack-mn0000378288,,2025-03-24 17:50:38
132,"Alabama Song, for voice & orchestra (from ""Aufstieg und Fall der Stadt Mahagonny"")~Alabama Song",https://www.allmusic.com/artist/marianne-faithfull-mn0000651107,,2025-03-24 17:50:38
133,Beki Miri,https://www.allmusic.com/artist/amadou-mariam-mn0000013647,,2025-03-24 17:50:38
134,(Back Home Again In) Indiana,https://www.allmusic.com/artist/barney-kessel-mn0000784527,,2025-03-24 17:51:17
135,"Koyaanisqatsi, film score~Koyaanisqatsi",https://www.allmusic.com/artist/philip-glass-ensemble-mn0000342981,,2025-03-24 17:51:17
136,Minipops 67 [Source Field Mix],https://www.allmusic.com/artist/aphex-twin-mn0000493848,,2025-03-24 17:51:17
137,"Piano Concerto, Op. 38~1. Allegro appassionato",https://www.allmusic.com/artist/keith-jarrett-mn0000066570,,2025-03-24 17:51:17
138,Mettavolution,https://www.allmusic.com/artist/rodrigo-y-gabriela-mn0000400110,,2025-03-24 17:51:18
139,As the Spirit Sings,https://www.allmusic.com/artist/john-mclaughlin-mn0000223701,,2025-03-24 17:51:18
140,Fascination Street,https://www.allmusic.com/artist/the-cure-mn0000137390,,2025-03-24 17:51:56
141,Ladies and Gentlemen We Are Floating in Space,https://www.allmusic.com/artist/spiritualized-mn0000746731,,2025-03-24 17:51:56
142,Providence,https://www.allmusic.com/artist/sonic-youth-mn0000755156,,2025-03-24 17:51:56
143,Rhinoceros,https://www.allmusic.com/artist/the-smashing-pumpkins-mn0000036521,,2025-03-24 17:51:57
145,Feed Me with Your Kiss,https://www.allmusic.com/artist/my-bloody-valentine-mn0000937003,,2025-03-24 17:51:57
146,Baker Street,https://www.allmusic.com/artist/gerry-rafferty-mn0000945196,,2025-03-24 17:51:57
147,Do You Realize??,https://www.allmusic.com/artist/the-flaming-lips-mn0000065590,,2025-03-24 17:51:57
148,I'll Come Running,https://www.allmusic.com/artist/brian-eno-mn0000617196,,2025-03-24 17:51:57
149,Lost Cause,https://www.allmusic.com/artist/beck-mn0000124492,,2025-03-24 17:51:57
154,Way to Blue,https://www.allmusic.com/artist/nick-drake-mn0000336783,,2025-03-24 17:52:44
155,Chelsea Hotel No. 2,https://www.allmusic.com/artist/leonard-cohen-mn0000071209,,2025-03-24 17:52:45
156,John the Revelator,https://www.allmusic.com/artist/son-house-mn0000753094,,2025-03-24 17:52:45
157,Kometenmelodie 2,https://www.allmusic.com/artist/kraftwerk-mn0000104714,,2025-03-24 17:52:45
158,Mister Magic,https://www.allmusic.com/artist/grover-washington-jr-mn0000944206,,2025-03-24 17:52:45
159,Just a Gigolo,https://www.allmusic.com/artist/thelonious-monk-quartet-mn0000491786,,2025-03-24 17:52:46
160,Bird on the Wire,https://www.allmusic.com/artist/leonard-cohen-mn0000071209,,2025-03-24 17:53:25
161,Sundown,https://www.allmusic.com/artist/gordon-lightfoot-mn0000667794,,2025-03-24 17:53:25
162,Autumn Sweater,https://www.allmusic.com/artist/yo-la-tengo-mn0000687487,,2025-03-24 17:53:25
163,Time of the Season,https://www.allmusic.com/artist/the-zombies-mn0000582313,,2025-03-24 17:53:25
164,Pink Moon,https://www.allmusic.com/artist/nick-drake-mn0000336783,,2025-03-24 17:53:25
165,Old Man,https://www.allmusic.com/artist/neil-young-mn0000379125,,2025-03-24 17:53:25
166,September Gurls,https://www.allmusic.com/artist/big-star-mn0000051992,,2025-03-24 17:53:26
167,Harvest Moon,https://www.allmusic.com/artist/neil-young-mn0000379125,,2025-03-24 17:53:26
168,Miss Misery,https://www.allmusic.com/artist/elliott-smith-mn0000172167,,2025-03-24 17:53:26
169,Autumn Serenade,https://www.allmusic.com/artist/john-coltrane-mn0000175553,,2025-03-24 17:53:26
170,Don't Fight the Feelin',https://www.allmusic.com/artist/too-hort-mn0001052511,,2025-03-24 17:54:05
171,In the End,https://www.allmusic.com/artist/linkin-park-mn0000289599,,2025-03-24 17:54:05
172,Liquid Swords,https://www.allmusic.com/artist/gza-mn0000170084,,2025-03-24 17:54:05
173,Intro/Dead People,https://www.allmusic.com/artist/louis-ck-mn0001035974,,2025-03-24 17:54:05
174,How to Rob,https://www.allmusic.com/artist/50-cent-mn0000919805,,2025-03-24 17:54:05
175,Lyte as a Rock,https://www.allmusic.com/artist/mc-lyte-mn0000220590,,2025-03-24 17:54:05
176,"The Pride, Pts. 1 & 2",https://www.allmusic.com/artist/the-isley-brothers-mn0000766893,,2025-03-24 17:54:05
177,6 'n the Mornin',https://www.allmusic.com/artist/ice-t-mn0000072003,,2025-03-24 17:54:05
178,Interzone 1,https://www.allmusic.com/artist/john-zorn-mn0000239329,,2025-03-24 17:54:05
179,Eat Me,https://www.allmusic.com/artist/demi-lovato-mn0000996127,,2025-03-24 17:54:06
180,May-Ree Mack,https://www.allmusic.com/artist/ella-jenkins-mn0000798086,,2025-03-24 17:54:44
181,"Music for 18 Musicians, for 4 female voices & 16 instruments~Pulses",https://www.allmusic.com/artist/steve-reich-mn0000037658,,2025-03-24 17:54:44
182,Cocaine Blues,https://www.allmusic.com/artist/johnny-cash-mn0000816890,,2025-03-24 17:54:45
183,Miss Mary Mack,https://www.allmusic.com/artist/ella-jenkins-mn0000798086,,2025-03-24 17:54:45
192,Downtown Train,https://www.allmusic.com/artist/tom-waits-mn0000615119,,2025-03-24 17:55:26
194,Voices Carry,https://www.allmusic.com/artist/til-tuesday-mn0000498961,,2025-03-24 17:56:04
195,Amelia,https://www.allmusic.com/artist/joni-mitchell-mn0000270491,,2025-03-24 17:56:04
196,Song to the Siren,https://www.allmusic.com/artist/tim-buckley-mn0000595101,,2025-03-24 17:56:04
197,I Fall to Pieces,https://www.allmusic.com/artist/patsy-cline-mn0000014651,,2025-03-24 17:56:04
198,Who Knows Where the Time Goes?,https://www.allmusic.com/artist/fairport-convention-mn0000162233,,2025-03-24 17:56:05
199,Here Comes a Regular,https://www.allmusic.com/artist/the-replacements-mn0000422405,,2025-03-24 17:56:05
200,I Just Don't Know What to Do With Myself,https://www.allmusic.com/artist/dionne-warwick-mn0000165011,,2025-03-24 17:56:05
201,Funny How Time Slips Away,https://www.allmusic.com/artist/willie-nelson-mn0000583959,,2025-03-24 17:56:05
202,Bus Stop,https://www.allmusic.com/artist/the-hollies-mn0000087985,,2025-03-24 17:56:05
203,I Am the Cosmos,https://www.allmusic.com/artist/chris-bell-mn0000105845,,2025-03-24 17:56:05
205,Got the Blues for Murder Only,https://www.allmusic.com/artist/lonnie-johnson-mn0000275401,,2025-03-24 17:56:50
206,War Pigs,https://www.allmusic.com/artist/black-sabbath-mn0000771438,,2025-03-24 17:56:51
208,Walkin' the Floor Over You,https://www.allmusic.com/artist/ernest-tubb-mn0000200775,,2025-03-24 17:56:51
212,"High Water Everywhere, Pt. 1",https://www.allmusic.com/artist/charley-patton-mn0000166058,,2025-03-24 17:56:51
216,Dust My Broom,https://www.allmusic.com/artist/elmore-james-mn0000176936,,2025-03-24 17:57:31
218,Walk This Way,https://www.allmusic.com/artist/aerosmith-mn0000604852,,2025-03-24 17:57:32
220,Lord Do It,https://www.allmusic.com/artist/james-cleveland-mn0000668448,,2025-03-24 17:57:32
221,The Sheik of Araby,https://www.allmusic.com/artist/spike-jones-mn0000744548,,2025-03-24 17:57:32
222,East St. Louis Toodle-Oo,https://www.allmusic.com/artist/duke-ellington-mn0000120323,,2025-03-24 17:57:32
223,Chan Chan,https://www.allmusic.com/artist/buena-vista-social-club-mn0000627250,,2025-03-24 17:57:32
224,Dead Presidents II,https://www.allmusic.com/artist/jay-z-mn0000224257,,2025-03-24 17:58:19
226,Black Skinhead,https://www.allmusic.com/artist/kanye-west-mn0000361014,,2025-03-24 17:58:19
228,You've Lost That Lovin' Feelin',https://www.allmusic.com/artist/elvis-presley-mn0000180228,,2025-03-24 17:58:19
229,Superman~Love Theme from Superman,https://www.allmusic.com/artist/london-symphony-orchestra-mn0000602907,,2025-03-24 17:58:19
232,Power,https://www.allmusic.com/artist/kanye-west-mn0000361014,,2025-03-24 17:58:20
233,Sucker M.C.'s (Krush-Groove 1),https://www.allmusic.com/artist/run-dmc-mn0000358408,,2025-03-24 17:58:20
234,The Hard Way,https://www.allmusic.com/artist/otis-spann-mn0000486775,,2025-03-24 17:59:00
236,Run Away with Me,https://www.allmusic.com/artist/carly-rae-jepsen-mn0002089077,,2025-03-24 17:59:01
237,Human,https://www.allmusic.com/artist/the-killers-mn0000670226,,2025-03-24 17:59:01
238,gnx,https://www.allmusic.com/artist/hitta-j3-mn0003346207,,2025-03-24 17:59:01
239,Learning to Breathe,https://www.allmusic.com/artist/damu-the-fudgemunk-mn0000985856,,2025-03-24 17:59:01
240,Wait on Time,https://www.allmusic.com/artist/the-fabulous-thunderbirds-mn0000126048,,2025-03-24 17:59:01
241,Airegin,https://www.allmusic.com/artist/stan-getz-quartet-mn0000743938,,2025-03-24 17:59:01
242,200mph,https://www.allmusic.com/artist/bad-bunny-mn0003595289,,2025-03-24 17:59:01
243,Chica Ni Lambo,https://www.allmusic.com/artist/eddie-palmieri-mn0000172612,,2025-03-24 17:59:02
247,Oye Como Va,https://www.allmusic.com/artist/santana-mn0000295756,,2025-03-24 17:59:42
252,"A-Tisket, A-Tasket",https://www.allmusic.com/artist/ella-fitzgerald-mn0000184502,,2025-03-24 17:59:43
254,Jolene,https://www.allmusic.com/artist/dolly-parton-mn0000175286,,2025-03-24 18:00:25
255,Give Up the Funk (Tear the Roof off the Sucker),https://www.allmusic.com/artist/parliament-mn0000129775,,2025-03-24 18:00:25
256,Boo Ann's Grand,https://www.allmusic.com/artist/woody-shaw-mn0000680003,,2025-03-24 18:00:25
257,Apartment No. 9,https://www.allmusic.com/artist/tammy-wynette-mn0000136640,,2025-03-24 18:00:25
258,Saturday in the Park,https://www.allmusic.com/artist/chicago-mn0000110161,,2025-03-24 18:00:25
259,The Black Disciple,https://www.allmusic.com/artist/donald-byrd-mn0000149946,,2025-03-24 18:00:26
260,Straight Life,https://www.allmusic.com/artist/freddie-hubbard-mn0000798326,,2025-03-24 18:00:26
261,Miles Ahead,https://www.allmusic.com/artist/miles-davis-mn0000423829,,2025-03-24 18:00:26
262,Lady Fingers,https://www.allmusic.com/artist/herb-alpert-mn0000674332,,2025-03-24 18:00:26
263,Vivir Mi Vida,https://www.allmusic.com/artist/marc-anthony-mn0000673486,,2025-03-24 18:00:26
264,(Sittin' On) The Dock of the Bay,https://www.allmusic.com/artist/otis-redding-mn0000414251,,2025-03-24 18:01:11
265,Can't Get It Out of My Head,https://www.allmusic.com/artist/electric-light-orchestra-mn0000163229,,2025-03-24 18:01:11
273,"Super Bad, Pts. 1&2",https://www.allmusic.com/artist/james-brown-mn0000128099,,2025-03-24 18:01:12
274,You're Still the One,https://www.allmusic.com/artist/shania-twain-mn0000161808,,2025-03-24 18:01:52
276,Everybody Loves Somebody,https://www.allmusic.com/artist/dean-martin-mn0000813392,,2025-03-24 18:01:52
278,Chelsea Bridge,https://www.allmusic.com/artist/gerry-mulligan-mn0000542549,,2025-03-24 18:01:52
279,Maneater,https://www.allmusic.com/artist/daryl-hall-john-oates-mn0000674887,,2025-03-24 18:01:52
281,Four on Six,https://www.allmusic.com/artist/wes-montgomery-mn0000248392,,2025-03-24 18:01:52
284,Jesse James,https://www.allmusic.com/artist/woody-guthrie-mn0000577531,,2025-03-24 18:02:34
286,Slaughter on Tenth Avenue,https://www.allmusic.com/artist/the-ventures-mn0000921965,,2025-03-24 18:02:34
288,Steps,https://www.allmusic.com/artist/cecil-taylor-mn0000988386,,2025-03-24 18:02:34
290,Pump It Up,https://www.allmusic.com/artist/elvis-costello-mn0000058549,,2025-03-24 18:02:35
291,Congeniality,https://www.allmusic.com/artist/ornette-coleman-mn0000484396,,2025-03-24 18:02:35
293,Candy Says,https://www.allmusic.com/artist/the-velvet-underground-mn0000840402,,2025-03-24 18:02:35
298,Workin' Man Blues,https://www.allmusic.com/artist/merle-haggard-mn0000410219,,2025-03-24 18:03:16
303,These Foolish Things,https://www.allmusic.com/artist/billie-holiday-mn0000079016,,2025-03-24 18:03:16
306,My Foolish Heart,https://www.allmusic.com/artist/bill-evans-trio-mn0000781423,,2025-03-24 18:04:00
307,Tudo Que Você Podia Ser,https://www.allmusic.com/artist/l%C3%B4-borges-mn0000827524,,2025-03-24 18:04:00
308,Big Yellow Taxi,https://www.allmusic.com/artist/amy-grant-mn0000024944,,2025-03-24 18:04:00
309,Am I Losing You?,https://www.allmusic.com/artist/jim-reeves-mn0000903609,,2025-03-24 18:04:00
313,Orinoco Flow,https://www.allmusic.com/artist/enya-mn0000988471,,2025-03-24 18:04:00
316,A Sailor's Life,https://www.allmusic.com/artist/fairport-convention-mn0000162233,,2025-03-24 18:04:44
317,Here Comes the Nice,https://www.allmusic.com/artist/small-faces-mn0000423267,,2025-03-24 18:04:44
318,Quiet Village,https://www.allmusic.com/artist/martin-denny-mn0000311074,,2025-03-24 18:04:44
319,Five Years,https://www.allmusic.com/artist/david-bowie-mn0000531986,,2025-03-24 18:04:44
320,Porcelain,https://www.allmusic.com/artist/moby-mn0000477116,,2025-03-24 18:04:45
321,Caldonia,https://www.allmusic.com/artist/louis-jordan-mn0000287604,,2025-03-24 18:04:45
322,Sixteen Tons,https://www.allmusic.com/artist/tennessee-ernie-ford-mn0000020403,,2025-03-24 18:04:45
323,Poison,https://www.allmusic.com/artist/alice-cooper-mn0000005953,,2025-03-24 18:04:45
324,Gravity Rides Everything,https://www.allmusic.com/artist/modest-mouse-mn0000480086,,2025-03-24 18:05:28
325,"Experiment in Terror, film score~Teen-Age Hostage",https://www.allmusic.com/artist/henry-mancini-mn0000678009,,2025-03-24 18:05:28
326,I've Gotta Be Me,https://www.allmusic.com/artist/sammy-davis-jr-mn0000294376,,2025-03-24 18:06:11
331,Pagin' the Devil,https://www.allmusic.com/artist/lester-young-mn0000259529,,2025-03-24 18:06:11
332,Friend of the Devil,https://www.allmusic.com/artist/grateful-dead-mn0000988440,,2025-03-24 18:06:12
333,The Way You Look Tonight,https://www.allmusic.com/artist/ray-conniff-mn0000869487,,2025-03-24 18:06:12
336,Would You Like to Learn to Dance?,https://www.allmusic.com/artist/steve-goodman-mn0000032366,,2025-03-24 18:06:54
337,The Velocity of Love,https://www.allmusic.com/artist/suzanne-ciani-mn0000046345,,2025-03-24 18:06:54
339,Watchin' Joey Glow,https://www.allmusic.com/artist/steve-goodman-mn0000032366,,2025-03-24 18:06:54
340,Super Freaky Girl,https://www.allmusic.com/artist/nicki-minaj-mn0001013175,,2025-03-24 18:06:55
341,Reedin,https://www.allmusic.com/artist/wagon-christ-mn0000229210,,2025-03-24 18:06:55
342,Brand New,https://www.allmusic.com/artist/pharrell-williams-mn0000275757,,2025-03-24 18:06:55
343,Wonderbread,https://www.allmusic.com/artist/danny-brown-mn0001477553,,2025-03-24 18:06:55
345,By the Sea,https://www.allmusic.com/artist/annaleigh-ashford-mn0001575846,,2025-03-24 18:06:55
349,Tell Me What's the Reason,https://www.allmusic.com/artist/t-bone-walker-mn0000003829,,2025-03-24 18:07:35
355,Spoonful,https://www.allmusic.com/artist/howlin-wolf-mn0000276085,,2025-03-24 18:07:35
357,Don't Do Me Like That,https://www.allmusic.com/artist/tom-petty-the-heartbreakers-mn0000614137,,2025-03-24 18:08:18
364,These Days (I Barely Get By),https://www.allmusic.com/artist/george-jones-mn0000944310,,2025-03-24 18:08:19
367,Isfahan,https://www.allmusic.com/artist/joe-henderson-mn0000139804,,2025-03-24 18:09:01
373,Dolphin Dance,https://www.allmusic.com/artist/herbie-hancock-mn0000957296,,2025-03-24 18:09:01
374,You Know You Know,https://www.allmusic.com/artist/mahavishnu-orchestra-mn0000233862,,2025-03-24 18:09:01
377,Sampa,https://www.allmusic.com/artist/caetano-veloso-mn0000639397,,2025-03-24 18:09:45
386,Heroes,https://www.allmusic.com/artist/philip-glass-mn0000849672,,2025-03-24 18:10:27
387,4,https://www.allmusic.com/artist/aphex-twin-mn0000493848,,2025-03-24 18:10:27
388,Laughable Butane Bob,https://www.allmusic.com/artist/afx-mn0000483189,,2025-03-24 18:10:27
389,Won't You Be My Neighbor?,https://www.allmusic.com/artist/mister-rogers-mn0001216264,,2025-03-24 18:10:27
390,Song for Sally,https://www.allmusic.com/artist/chick-corea-mn0000110541,,2025-03-24 18:10:27
391,Dave,https://www.allmusic.com/artist/cheech-chong-mn0000106298,,2025-03-24 18:10:27
392,Sister Mary Elephant,https://www.allmusic.com/artist/cheech-chong-mn0000106298,,2025-03-24 18:10:27
394,This Here Giraffe,https://www.allmusic.com/artist/the-flaming-lips-mn0000065590,,2025-03-24 18:10:28
398,The Breathing Stone,https://www.allmusic.com/artist/steve-roach-mn0000040501,,2025-03-24 18:11:09
400,Blue Rondo à la Turk,https://www.allmusic.com/artist/the-dave-brubeck-quartet-mn0000142767,,2025-03-24 18:11:09
403,Black Cat Bone,https://www.allmusic.com/artist/lightnin-hopkins-mn0000825208,,2025-03-24 18:11:09
404,Big Legs Ida Blues,https://www.allmusic.com/artist/roosevelt-sykes-mn0000284104,,2025-03-24 18:11:09
406,"Tubular Bells, Pt. 1",https://www.allmusic.com/artist/mike-oldfield-mn0000489520,,2025-03-24 18:11:50
407,Who Needs the Peace Corps?,https://www.allmusic.com/artist/the-mothers-of-invention-mn0000405522,,2025-03-24 18:11:50
409,Goodbye Girl,https://www.allmusic.com/artist/squeeze-mn0000790732,,2025-03-24 18:11:50
410,Hit 'Em Wit da Hee,https://www.allmusic.com/artist/missy-elliott-mn0000502371,,2025-03-24 18:11:50
413,Block Rockin' Beats,https://www.allmusic.com/artist/the-chemical-brothers-mn0000067631,,2025-03-24 18:11:51
414,Blush Response,https://www.allmusic.com/artist/vangelis-mn0000840000,,2025-03-24 18:11:51
415,The Things You Said,https://www.allmusic.com/artist/depeche-mode-mn0000239921,,2025-03-24 18:12:29
416,[Untitled],https://www.allmusic.com/artist/sigur-r%C3%B3s-mn0000753868,,2025-03-24 18:12:29
417,Angel,https://www.allmusic.com/artist/massive-attack-mn0000378288,,2025-03-24 18:12:29
418,Hunter,https://www.allmusic.com/artist/bj%C3%B6rk-mn0000769444,,2025-03-24 18:12:29
419,At the Heart of Winter,https://www.allmusic.com/artist/immortal-mn0000094102,,2025-03-24 18:12:29
420,Metal,https://www.allmusic.com/artist/gary-numan-mn0000183858,,2025-03-24 18:12:29
421,Marked,https://www.allmusic.com/artist/ema-mn0002130309,,2025-03-24 18:12:29
422,Night Sky,https://www.allmusic.com/artist/chvrches-mn0003052164,,2025-03-24 18:12:30
423,"Heaven and Hell, Pt. 1/So Long Ago, So Clear",https://www.allmusic.com/artist/vangelis-mn0000840000,,2025-03-24 18:12:30
424,3 Ghosts I,https://www.allmusic.com/artist/nine-inch-nails-mn0000351733,,2025-03-24 18:12:30
425,The Twelve Gifts of Christmas,https://www.allmusic.com/artist/allan-sherman-mn0000002273,,2025-03-24 18:13:09
427,"You Went The Wrong Way, Old King Louie",https://www.allmusic.com/artist/allan-sherman-mn0000002273,,2025-03-24 18:13:09
429,One Hippopotami,https://www.allmusic.com/artist/allan-sherman-mn0000002273,,2025-03-24 18:13:10
430,Shake Hands with Your Uncle Max,https://www.allmusic.com/artist/allan-sherman-mn0000002273,,2025-03-24 18:13:10
443,Kickin' Child,https://www.allmusic.com/artist/dion-mn0000265456,,2025-03-24 18:14:33
448,"(What's So Funny 'Bout) Peace, Love and Understanding",https://www.allmusic.com/artist/brinsley-schwarz-mn0002363693,,2025-03-24 18:14:33
450,Kicking,https://www.allmusic.com/artist/torche-mn0000081480,,2025-03-24 18:14:33
451,"Speechless, Pt. 2",https://www.allmusic.com/artist/nas-mn0000373634,,2025-03-24 18:14:33
452,Sunny Came Home,https://www.allmusic.com/artist/shawn-colvin-mn0000013387,,2025-03-24 18:14:33
455,Winter,https://www.allmusic.com/artist/tori-amos-mn0000792530,,2025-03-24 18:15:15
456,Beg Me,https://www.allmusic.com/artist/chuck-jackson-mn0000103033,,2025-03-24 18:15:15
459,Freedom,https://www.allmusic.com/artist/beyonc%C3%A9-mn0000761179,,2025-03-24 18:15:15
460,Ghosts Again,https://www.allmusic.com/artist/depeche-mode-mn0000239921,,2025-03-24 18:15:15
461,Gin Smoke & Lies,https://www.allmusic.com/artist/turnpike-troubadours-mn0002038565,,2025-03-24 18:15:15
481,High School Confidential,https://www.allmusic.com/artist/jerry-lee-lewis-mn0000332141,,2025-03-24 18:16:38
483,Mis Planes Son Amarte,https://www.allmusic.com/artist/juanes-mn0000245250,,2025-03-24 18:17:20
484,Biko,https://www.allmusic.com/artist/sweet-honey-in-the-rock-mn0000044703,,2025-03-24 18:17:20
485,The Balance,https://www.allmusic.com/artist/dave-holland-quintet-mn0000684198,,2025-03-24 18:17:20
487,After the Love Has Gone,https://www.allmusic.com/artist/earth-wind-fire-mn0000135273,,2025-03-24 18:17:20
488,Don't Mess With Mister T.,https://www.allmusic.com/artist/stanley-turrentine-mn0000012644,,2025-03-24 18:17:20
489,The Look of Love,https://www.allmusic.com/artist/dusty-springfield-mn0000159214,,2025-03-24 18:17:20
490,Reasons,https://www.allmusic.com/artist/earth-wind-fire-mn0000135273,,2025-03-24 18:17:20
491,Shifting Gears,https://www.allmusic.com/artist/lalo-schifrin-mn0000781932,,2025-03-24 18:17:20
495,I Sat By the Ocean,https://www.allmusic.com/artist/queens-of-the-stone-age-mn0000376422,,2025-03-24 18:18:05
496,Come as You Are,https://www.allmusic.com/artist/nirvana-mn0000357406,,2025-03-24 18:18:05
497,Hells Bells,https://www.allmusic.com/artist/ac-dc-mn0000574772,,2025-03-24 18:18:06
498,You Can't Judge a Book by Its Cover,https://www.allmusic.com/artist/bo-diddley-mn0000055128,,2025-03-24 18:18:06
499,Battery,https://www.allmusic.com/artist/metallica-mn0000446509,,2025-03-24 18:18:06
500,Foxey Lady,https://www.allmusic.com/artist/the-jimi-hendrix-experience-mn0000088906,,2025-03-24 18:18:06
501,Back in the Saddle,https://www.allmusic.com/artist/aerosmith-mn0000604852,,2025-03-24 18:18:06
502,Late Night Talking,https://www.allmusic.com/artist/harry-styles-mn0002854537,,2025-03-24 18:18:50
503,My Neighbour Totoro~My Neighbour Totoro,https://www.allmusic.com/artist/joe-hisaishi-mn0000783330,,2025-03-24 18:18:50
504,Bassbins,https://www.allmusic.com/artist/%C2%B5-ziq-mn0000510042,,2025-03-24 18:18:51
505,SHOWER SONG,https://www.allmusic.com/artist/tierra-whack-mn0003604268,,2025-03-24 18:18:51
506,Broke My Heart,https://www.allmusic.com/artist/caribou-mn0000609590,,2025-03-24 18:18:51
507,Building a Mountain,https://www.allmusic.com/artist/tori-amos-mn0000792530,,2025-03-24 18:18:51
508,The Strange Boutique,https://www.allmusic.com/artist/the-monochrome-set-mn0000475980,,2025-03-24 18:18:51
509,Fireflies,https://www.allmusic.com/artist/pearl-the-oysters-mn0003783836,,2025-03-24 18:18:51
510,Delicious,https://www.allmusic.com/artist/shampoo-mn0000160055,,2025-03-24 18:18:52
511,Levitate the Coin,https://www.allmusic.com/artist/john-powell-mn0000230451,,2025-03-24 18:18:52
512,I Wanna Destroy You,https://www.allmusic.com/artist/the-soft-boys-mn0000501802,,2025-03-24 18:19:38
513,I Love L.A.,https://www.allmusic.com/artist/randy-newman-mn0000394806,,2025-03-24 18:19:38
514,"Lawyers, Guns and Money",https://www.allmusic.com/artist/warren-zevon-mn0000816900,,2025-03-24 18:19:38
515,I Know What Boys Like,https://www.allmusic.com/artist/the-waitresses-mn0000585210,,2025-03-24 18:19:38
516,Big Shot,https://www.allmusic.com/artist/billy-joel-mn0000085915,,2025-03-24 18:19:38
517,Money,https://www.allmusic.com/artist/pink-floyd-mn0000346336,,2025-03-24 18:19:38
519,911 Is a Joke,https://www.allmusic.com/artist/public-enemy-mn0000856785,,2025-03-24 18:19:38
520,E.M.I.,https://www.allmusic.com/artist/sex-pistols-mn0000418740,,2025-03-24 18:19:39
521,Peace Sells,https://www.allmusic.com/artist/megadeth-mn0000406294,,2025-03-24 18:19:39
527,Stonemilker,https://www.allmusic.com/artist/bj%C3%B6rk-mn0000769444,,2025-03-24 18:20:19
531,Mr. Misunderstood,https://www.allmusic.com/artist/eric-church-mn0000632233,,2025-03-24 18:21:05
534,Directions,https://www.allmusic.com/artist/miles-davis-mn0000423829,,2025-03-24 18:21:06
535,DNA.,https://www.allmusic.com/artist/kendrick-lamar-mn0002709646,,2025-03-24 18:21:06
537,Akiwowo,https://www.allmusic.com/artist/michael-olatunji-mn0000395264,,2025-03-24 18:21:06
538,Quadrant 4,https://www.allmusic.com/artist/billy-cobham-mn0000767741,,2025-03-24 18:21:06
539,It Was Fun While It Lasted,https://www.allmusic.com/artist/billy-joe-shaver-mn0000072205,,2025-03-24 18:21:48
540,Black Rose,https://www.allmusic.com/artist/billy-joe-shaver-mn0000072205,,2025-03-24 18:21:48
542,Fell on Black Days,https://www.allmusic.com/artist/soundgarden-mn0000001098,,2025-03-24 18:21:49
543,Lights Please,https://www.allmusic.com/artist/j-cole-mn0001089515,,2025-03-24 18:21:49
544,The Troublemaker,https://www.allmusic.com/artist/willie-nelson-mn0000583959,,2025-03-24 18:21:49
545,She is Gone,https://www.allmusic.com/artist/willie-nelson-mn0000583959,,2025-03-24 18:21:49
546,Blue Eyes Crying in the Rain,https://www.allmusic.com/artist/willie-nelson-mn0000583959,,2025-03-24 18:21:49
552,I'll Be Around,https://www.allmusic.com/artist/the-spinners-mn0000578141,,2025-03-24 18:22:33
553,Rags to Riches,https://www.allmusic.com/artist/tony-bennett-mn0000006334,,2025-03-24 18:22:34
558,Moment of Hesitation,https://www.allmusic.com/artist/flying-lotus-mn0000717419,,2025-03-24 18:23:15
561,Sighommi,https://www.allmusic.com/artist/the-smashing-pumpkins-mn0000036521,,2025-03-24 18:23:15
562,Who by Fire,https://www.allmusic.com/artist/coil-mn0000105561,,2025-03-24 18:23:15
563,Spastik,https://www.allmusic.com/artist/plastikman-mn0000355386,,2025-03-24 18:23:15
564,Plasticity,https://www.allmusic.com/artist/plastikman-mn0000355386,,2025-03-24 18:23:15
565,Fuck You,https://www.allmusic.com/artist/the-bug-mn0000629224,,2025-03-24 18:23:16
566,Crazy Train,https://www.allmusic.com/artist/bob-daisley-mn0000067146,,2025-03-24 18:23:16
568,"I Loves You, Porgy",https://www.allmusic.com/artist/miles-davis-mn0000423829,,2025-03-24 18:24:00
569,Something I Can Never Have,https://www.allmusic.com/artist/nine-inch-nails-mn0000351733,,2025-03-24 18:24:01
571,"Medley: Here Come de Honey Man, Crab Man, Oh, Dey's So Fresh and Fine (Strawberry Woman)",https://www.allmusic.com/artist/louis-armstrong-mn0000234518,,2025-03-24 18:24:01
572,Last,https://www.allmusic.com/artist/nine-inch-nails-mn0000351733,,2025-03-24 18:24:01
573,Yeah Yeah You Would,https://www.allmusic.com/artist/diddy-mn0000413000,,2025-03-24 18:24:01
574,Dive for Your Memory,https://www.allmusic.com/artist/the-go-betweens-mn0000766361,,2025-03-24 18:24:01
575,She Even Woke Me Up to Say Goodbye,https://www.allmusic.com/artist/mickey-newbury-mn0000525789,,2025-03-24 18:24:02
576,La Iguana,https://www.allmusic.com/artist/the-chieftains-mn0000067406,,2025-03-24 18:24:02
585,Rebel Rebel,https://www.allmusic.com/artist/david-bowie-mn0000531986,,2025-03-24 18:24:49
589,I Will Be Here for You,https://www.allmusic.com/artist/michael-w-smith-mn0000466759,,2025-03-24 18:25:36
592,The Sound of Music~Climb Ev'ry Mountain,https://www.allmusic.com/artist/patricia-neway-mn0000010209,,2025-03-24 18:25:36
593,Missing Person,https://www.allmusic.com/artist/michael-w-smith-mn0000466759,,2025-03-24 18:25:37
594,Sixteen Going on Seventeen,https://www.allmusic.com/artist/charmian-carr-mn0001011777,,2025-03-24 18:25:37
597,Rebel Without a Pause,https://www.allmusic.com/artist/public-enemy-mn0000856785,,2025-03-24 18:26:18
599,"Oh, Good Grief!",https://www.allmusic.com/artist/vince-guaraldi-trio-mn0000213089,,2025-03-24 18:26:18
600,Blowin' in the Wind,https://www.allmusic.com/artist/bob-dylan-mn0000066915,,2025-03-24 18:26:18
601,Spillane,https://www.allmusic.com/artist/john-zorn-mn0000239329,,2025-03-24 18:26:18
602,Long Distance Runaround,https://www.allmusic.com/artist/jon-anderson-mn0000253861,,2025-03-24 18:26:18
603,Cowgirl in the Sand,https://www.allmusic.com/artist/neil-young-crazy-horse-mn0000860578,,2025-03-24 18:26:18
604,Three Little Words,https://www.allmusic.com/artist/john-coltrane-mn0000175553,,2025-03-24 18:26:18
605,Do I Move You?,https://www.allmusic.com/artist/nina-simone-mn0000411761,,2025-03-24 18:26:19
606,It Ain't Nothin',https://www.allmusic.com/artist/keith-whitley-mn0000081561,,2025-03-24 18:27:02
607,"The Good, the Bad and the Ugly (Main Title)",https://www.allmusic.com/artist/ennio-morricone-mn0000798662,,2025-03-24 18:27:02
611,Runaway Train,https://www.allmusic.com/artist/rosanne-cash-mn0000285272,,2025-03-24 18:27:02
612,Frankie Machine,https://www.allmusic.com/artist/elmer-bernstein-mn0000175087,,2025-03-24 18:27:02
615,This Is Why,https://www.allmusic.com/artist/paramore-mn0000366681,,2025-03-24 18:27:43
616,"Cello Concerto in E Minor, Op. 85~II. Lento - Allegro molto",https://www.allmusic.com/artist/gautier-capu%C3%A7on-mn0002227074,,2025-03-24 18:27:43
617,We Belong [Squarepusher Remix],https://www.allmusic.com/artist/danny-elfman-mn0000569119,,2025-03-24 18:27:43
618,European Echoes,https://www.allmusic.com/artist/ornette-coleman-trio-mn0001765439,,2025-03-24 18:27:44
632,People Get Ready,https://www.allmusic.com/artist/the-impressions-mn0000082013,,2025-03-24 18:29:08
633,Black Byrd,https://www.allmusic.com/artist/donald-byrd-mn0000149946,,2025-03-24 18:29:08
636,By the Time I Get to Phoenix,https://www.allmusic.com/artist/glen-campbell-mn0000664378,,2025-03-24 18:29:08
638,The Girl From Ipanema,https://www.allmusic.com/artist/astrud-gilberto-mn0000931086,,2025-03-24 18:29:09
639,I Wanna Go Bang,https://www.allmusic.com/artist/limelife-mn0000832455,,2025-03-24 18:29:49
643,Star Wars: Episode I - The Phantom Menace~Duel of the Fates,https://www.allmusic.com/artist/london-symphony-orchestra-mn0000602907,,2025-03-24 18:29:49
644,Motoroller Scalatron,https://www.allmusic.com/artist/stereolab-mn0000026520,,2025-03-24 18:29:50
647,Opposite People,https://www.allmusic.com/artist/afrika-70-mn0000930720,,2025-03-24 18:29:50
648,White Rabbit,https://www.allmusic.com/artist/jefferson-airplane-mn0000840102,,2025-03-24 18:30:32
649,Purple Haze,https://www.allmusic.com/artist/the-jimi-hendrix-experience-mn0000088906,,2025-03-24 18:30:33
650,Astronomy Domine,https://www.allmusic.com/artist/pink-floyd-mn0000346336,,2025-03-24 18:30:33
651,Heroin,https://www.allmusic.com/artist/the-velvet-underground-mn0000840402,,2025-03-24 18:30:33
653,L.S.D.,https://www.allmusic.com/artist/the-pretty-things-mn0000489676,,2025-03-24 18:30:33
654,Three Days,https://www.allmusic.com/artist/janes-addiction-mn0000806829,,2025-03-24 18:30:33
655,Sweet Leaf,https://www.allmusic.com/artist/black-sabbath-mn0000771438,,2025-03-24 18:30:33
656,Aftermath,https://www.allmusic.com/artist/tricky-mn0000025462,,2025-03-24 18:30:33
657,Dark Star,https://www.allmusic.com/artist/grateful-dead-mn0000988440,,2025-03-24 18:30:33
664,T for Texas (Blue Yodel No. 1),https://www.allmusic.com/artist/jimmie-rodgers-mn0000343852,,2025-03-24 18:31:14
683,Down the Street to 301,https://www.allmusic.com/artist/johnny-cash-mn0000816890,,2025-03-24 18:32:41
684,I Still Miss Someone,https://www.allmusic.com/artist/johnny-cash-mn0000816890,,2025-03-24 18:32:41
686,Busted,https://www.allmusic.com/artist/johnny-cash-mn0000816890,,2025-03-24 18:32:41
687,Orange Blossom Special,https://www.allmusic.com/artist/johnny-cash-mn0000816890,,2025-03-24 18:32:41
694,Venus as a Boy,https://www.allmusic.com/artist/bj%C3%B6rk-mn0000769444,,2025-03-24 18:33:24
695,Life Begins at the Hop,https://www.allmusic.com/artist/xtc-mn0000678339,,2025-03-24 18:33:25
699,Um Vento Passou (Para Paul Simon),https://www.allmusic.com/artist/milton-nascimento-mn0000497132,,2025-03-24 18:34:07
705,Keep on the Sunny Side,https://www.allmusic.com/artist/the-carter-family-mn0000051910,,2025-03-24 18:34:47
706,Shilo,https://www.allmusic.com/artist/neil-diamond-mn0000864209,,2025-03-24 18:34:47
708,Stayin Alive,https://www.allmusic.com/artist/bee-gees-mn0000043714,,2025-03-24 18:34:47
709,She Don't Care About Time,https://www.allmusic.com/artist/the-byrds-mn0000631774,,2025-03-24 18:34:48
710,Dádrá,https://www.allmusic.com/artist/ravi-shankar-mn0000404463,,2025-03-24 18:34:48
715,Bidi Bidi Bom Bom,https://www.allmusic.com/artist/selena-mn0000004852,,2025-03-24 18:35:31
717,Linus & Lucy,https://www.allmusic.com/artist/vince-guaraldi-trio-mn0000213089,,2025-03-24 18:35:31
718,Blowin' up a Storm,https://www.allmusic.com/artist/woody-herman-mn0000958076,,2025-03-24 18:35:31
730,Sunday Sun,https://www.allmusic.com/artist/beck-mn0000124492,,2025-03-24 18:36:13
731,All Africa,https://www.allmusic.com/artist/max-roach-mn0000396372,,2025-03-24 18:36:13
732,"Sing, Sing, Sing",https://www.allmusic.com/artist/benny-goodman-mn0000163133,,2025-03-24 18:36:54
745,I’m Waiting for the Man,https://www.allmusic.com/artist/the-velvet-underground-mn0000840402,,2025-03-24 18:37:36
746,Love,https://www.allmusic.com/artist/barbra-streisand-mn0000855531,,2025-03-24 18:37:36
747,Wanderlust,https://www.allmusic.com/artist/paul-mccartney-mn0000029884,,2025-03-24 18:37:36
748,People,https://www.allmusic.com/artist/barbra-streisand-mn0000855531,,2025-03-24 18:37:37
749,If You Could Read My Mind,https://www.allmusic.com/artist/barbra-streisand-mn0000855531,,2025-03-24 18:37:37
750,My Lord and Master,https://www.allmusic.com/artist/barbra-streisand-mn0000855531,,2025-03-24 18:37:37
751,I Stayed Too Long at the Fair,https://www.allmusic.com/artist/barbra-streisand-mn0000855531,,2025-03-24 18:37:37
752,Blitzkrieg Bop,https://www.allmusic.com/artist/ramones-mn0000490004,,2025-03-24 18:38:14
753,I Got You (I Feel Good),https://www.allmusic.com/artist/james-brown-mn0000128099,,2025-03-24 18:38:14
754,Rocket 88,https://www.allmusic.com/artist/jackie-brenston-mn0000782307,,2025-03-24 18:38:14
756,Ballroom Blitz,https://www.allmusic.com/artist/sweet-mn0000536275,,2025-03-24 18:38:15
757,Sister Anne,https://www.allmusic.com/artist/mc5-mn0000182598,,2025-03-24 18:38:15
758,Into the Groove,https://www.allmusic.com/artist/madonna-mn0000237205,,2025-03-24 18:38:15
759,Long Tall Sally,https://www.allmusic.com/artist/little-richard-mn0000824022,,2025-03-24 18:38:15
760,C'mon Everybody,https://www.allmusic.com/artist/eddie-cochran-mn0000793988,,2025-03-24 18:38:15
761,I Gotcha,https://www.allmusic.com/artist/joe-tex-mn0000210323,,2025-03-24 18:38:15
770,Wild Night,https://www.allmusic.com/artist/van-morrison-mn0000307461,,2025-03-24 18:39:00
775,Black Dog,https://www.allmusic.com/artist/led-zeppelin-mn0000139026,,2025-03-24 18:39:43
778,Take It Easy,https://www.allmusic.com/artist/eagles-mn0000144847,,2025-03-24 18:39:43
780,Blue Train,https://www.allmusic.com/artist/john-coltrane-mn0000175553,,2025-03-24 18:39:43
781,"A Love Supreme, Pt. 3: Pursuance/Pt. 4: Psalm",https://www.allmusic.com/artist/john-coltrane-mn0000175553,,2025-03-24 18:39:43
783,Love to Love You Baby,https://www.allmusic.com/artist/donna-summer-mn0000661524,,2025-03-24 18:40:23
784,"Te Aviso, Te Anuncio (Tango)",https://www.allmusic.com/artist/shakira-mn0000790797,,2025-03-24 18:40:23
785,The Wind Cries Mary,https://www.allmusic.com/artist/the-jimi-hendrix-experience-mn0000088906,,2025-03-24 18:40:23
786,Walk On By,https://www.allmusic.com/artist/isaac-hayes-mn0000101946,,2025-03-24 18:40:23
787,She Wolf,https://www.allmusic.com/artist/shakira-mn0000790797,,2025-03-24 18:40:23
788,I Turned You On,https://www.allmusic.com/artist/the-isley-brothers-mn0000766893,,2025-03-24 18:40:23
790,The D.O.C. & The Doctor,https://www.allmusic.com/artist/the-doc-mn0000114775,,2025-03-24 18:40:24
795,Slavery Days,https://www.allmusic.com/artist/burning-spear-mn0000641994,,2025-03-24 18:41:05
797,Theme From Silk Road,https://www.allmusic.com/artist/kitaro-mn0000081017,,2025-03-24 18:41:06
808,1000 Deaths,https://www.allmusic.com/artist/dangelo-and-the-vanguard-mn0003351988,,2025-03-24 18:41:49
818,She Moves Me,https://www.allmusic.com/artist/muddy-waters-mn0000608701,,2025-03-24 18:42:29
822,Constancy (Ua Like No a Like),https://www.allmusic.com/artist/marty-robbins-mn0000858710,,2025-03-24 18:43:09
823,The Pink Panther Theme,https://www.allmusic.com/artist/henry-mancini-his-orchestra-mn0000675890,,2025-03-24 18:43:09
824,Green (Vincent's Tune),https://www.allmusic.com/artist/yo-yo-ma-mn0000962133,,2025-03-24 18:43:09
825,Take Me to Harlan,https://www.allmusic.com/artist/b%C3%A9la-fleck-mn0000151290,,2025-03-24 18:43:09
826,The Lady With the Golden Stockings (aka The Golden Lady),https://www.allmusic.com/artist/sun-ra-his-solar-myth-arkestra-mn0000924706,,2025-03-24 18:43:09
831,Blue Rondo a La Turk,https://www.allmusic.com/artist/dave-brubeck-mn0000958533,,2025-03-24 18:43:52
833,Blues 88,https://www.allmusic.com/artist/arturo-sandoval-mn0000575122,,2025-03-24 18:44:36
834,Tubular Bells,https://www.allmusic.com/artist/mike-oldfield-mn0000489520,,2025-03-24 18:44:36
835,One More Time,https://www.allmusic.com/artist/daft-punk-mn0000667669,,2025-03-24 18:44:36
843,The More We Get Together,https://www.allmusic.com/artist/raffi-mn0000327331,,2025-03-24 18:45:20
844,The Rose,https://www.allmusic.com/artist/bette-midler-mn0000053739,,2025-03-24 18:45:20
845,Les Zombis et les Loups-Garous,https://www.allmusic.com/artist/raffi-mn0000327331,,2025-03-24 18:45:20
847,Your Body's Callin',https://www.allmusic.com/artist/r-kelly-mn0000319347,,2025-03-24 18:45:20
848,Wind Beneath My Wings,https://www.allmusic.com/artist/bette-midler-mn0000053739,,2025-03-24 18:45:20
849,De Colores,https://www.allmusic.com/artist/raffi-mn0000327331,,2025-03-24 18:45:20
850,The Banana Boat Song (Day-O),https://www.allmusic.com/artist/raffi-mn0000327331,,2025-03-24 18:45:20
862,Close Encounters of the Third Kind~Main Title and Mountains Visions,https://www.allmusic.com/artist/john-williams-mn0000232480,,2025-03-24 18:46:45
866,Dance or Die,https://www.allmusic.com/artist/janelle-mon%C3%A1e-mn0000868086,,2025-03-24 18:46:46
871,Caught a Lite Sneeze,https://www.allmusic.com/artist/tori-amos-mn0000792530,,2025-03-24 18:47:27
873,"I Am Not a Woman, I'm a God",https://www.allmusic.com/artist/halsey-mn0003010517,,2025-03-24 18:47:28
876,What's Love Got to Do with It,https://www.allmusic.com/artist/tina-turner-mn0000597309,,2025-03-24 18:48:11
877,Sweetheart Like You – Infidels alternate take,https://www.allmusic.com/artist/bob-dylan-mn0000066915,,2025-03-24 18:48:11
878,Do the Mussolini (Headkick),https://www.allmusic.com/artist/cabaret-voltaire-mn0000635413,,2025-03-24 18:48:11
879,Cake & Eat It Too,https://www.allmusic.com/artist/bilal-mn0000057280,,2025-03-24 18:48:11
881,The Feed-Back,https://www.allmusic.com/artist/gruppo-di-improvvisazione-nuova-consonanza-mn0001409455,,2025-03-24 18:48:11
887,Killed by Death,https://www.allmusic.com/artist/mot%C3%B6rhead-mn0000501407,,2025-03-24 18:48:53
888,Banned in D.C.,https://www.allmusic.com/artist/bad-brains-mn0000075264,,2025-03-24 18:48:53
889,Commando,https://www.allmusic.com/artist/ramones-mn0000490004,,2025-03-24 18:48:53
890,Complete Control,https://www.allmusic.com/artist/the-clash-mn0000075747,,2025-03-24 18:48:53
891,Legalize It,https://www.allmusic.com/artist/peter-tosh-mn0000328014,,2025-03-24 18:48:53
897,Don't Stop,https://www.allmusic.com/artist/fleetwood-mac-mn0000182900,,2025-03-24 18:49:36
903,Kiss It Better,https://www.allmusic.com/artist/rihanna-mn0000367188,,2025-03-24 18:50:16
908,All We Got,https://www.allmusic.com/artist/chance-the-rapper-mn0003115050,,2025-03-24 18:50:17
910,Simmer Down,https://www.allmusic.com/artist/bob-marley-mn0000071514,,2025-03-24 18:50:58
914,Thinkin Bout You,https://www.allmusic.com/artist/frank-ocean-mn0002592086,,2025-03-24 18:50:58
915,Eli's Comin',https://www.allmusic.com/artist/laura-nyro-mn0000137474,,2025-03-24 18:50:58
924,Ether,https://www.allmusic.com/artist/gang-of-four-mn0000193231,,2025-03-24 18:51:39
926,Out to Lunch,https://www.allmusic.com/artist/eric-dolphy-mn0000800100,,2025-03-24 18:51:39
927,Summer Babe,https://www.allmusic.com/artist/pavement-mn0000752314,,2025-03-24 18:51:39
929,Dael,https://www.allmusic.com/artist/autrechre-mn0001530964,,2025-03-24 18:51:39
955,Everloving,https://www.allmusic.com/artist/moby-mn0000477116,,2025-03-24 18:53:40
969,Good Golly Miss Molly,https://www.allmusic.com/artist/little-richard-mn0000824022,,2025-03-24 18:55:04
970,Gimme! Gimme! Gimme! (A Man After Midnight),https://www.allmusic.com/artist/abba-mn0000922728,,2025-03-24 18:55:04
972,She Loves You,https://www.allmusic.com/artist/the-beatles-mn0000754032,,2025-03-24 18:55:04
973,Rip It Up,https://www.allmusic.com/artist/little-richard-mn0000824022,,2025-03-24 18:55:05
974,Sometime in the Morning,https://www.allmusic.com/artist/the-monkees-mn0000478603,,2025-03-24 18:55:05
975,S.O.S.,https://www.allmusic.com/artist/abba-mn0000922728,,2025-03-24 18:55:05
977,"Green, Green",https://www.allmusic.com/artist/the-new-christy-minstrels-mn0000328352,,2025-03-24 18:55:05
980,Watermelon Man,https://www.allmusic.com/artist/mongo-santamar%C3%ADa-mn0000591104,,2025-03-24 18:55:44
981,Gone Fishin',https://www.allmusic.com/artist/louis-armstrong-mn0000234518,,2025-03-24 18:55:44
984,Doctor Jazz,https://www.allmusic.com/artist/jelly-roll-morton-mn0000317290,,2025-03-24 18:55:44
985,Little Red Corvette,https://www.allmusic.com/artist/prince-mn0000361393,,2025-03-24 18:55:44
987,Fire,https://www.allmusic.com/artist/ohio-players-mn0000390390,,2025-03-24 18:55:44
1001,Honey in Your Hips,https://www.allmusic.com/artist/eric-clapton-mn0000187478,,2025-03-24 18:57:09
1003,"Suite for solo cello No. 1 in G major, BWV 1007~Prelude",https://www.allmusic.com/artist/yo-yo-ma-mn0000962133,,2025-03-24 18:57:09
1005,Smooth Operator,https://www.allmusic.com/artist/sade-mn0000279337,,2025-03-24 18:57:09
1016,Flying,https://www.allmusic.com/artist/faces-mn0000058372,,2025-03-24 18:57:52
1017,Make Me a Pallet on the Floor,https://www.allmusic.com/artist/jimmy-yancey-mn0000783025,,2025-03-24 18:57:52
1018,"The Great Escape, film score~Main Title",https://www.allmusic.com/artist/elmer-bernstein-mn0000175087,,2025-03-24 18:58:35
1021,Rooster,https://www.allmusic.com/artist/alice-in-chains-mn0000007920,,2025-03-24 18:58:35
1023,Lift Me Up,https://www.allmusic.com/artist/vince-staples-mn0002592118,,2025-03-24 18:58:36
1040,Tell Mama,https://www.allmusic.com/artist/etta-james-mn0000806542,,2025-03-24 19:00:03
1046,I'm a Believer,https://www.allmusic.com/artist/the-monkees-mn0000478603,,2025-03-24 19:00:43
1048,Love Shack,https://www.allmusic.com/artist/the-b-52s-mn0000043489,,2025-03-24 19:00:43
1049,Going to a Go-Go,https://www.allmusic.com/artist/smokey-robinson-the-miracles-mn0000035021,,2025-03-24 19:00:43
1050,In the Mood,https://www.allmusic.com/artist/glenn-miller-mn0000661172,,2025-03-24 19:00:43
1052,Walk Like an Egyptian,https://www.allmusic.com/artist/bangles-mn0000757085,,2025-03-24 19:00:43
1053,The Way You Do the Things You Do,https://www.allmusic.com/artist/the-temptations-mn0000569685,,2025-03-24 19:00:43
1054,Spanish Flea,https://www.allmusic.com/artist/herb-alpert-mn0000674332,,2025-03-24 19:00:43
1055,Do You Believe in Magic?,https://www.allmusic.com/artist/the-lovin-spoonful-mn0000052900,,2025-03-24 19:00:44
1062,Sweet Child O' Mine,https://www.allmusic.com/artist/guns-n-roses-mn0000540883,,2025-03-24 19:01:23
1063,Remember,https://www.allmusic.com/artist/john-lennon-mn0000232564,,2025-03-24 19:01:23
1064,Me Against the World,https://www.allmusic.com/artist/2pac-mn0000921895,,2025-03-24 19:01:23
1065,Method Man,https://www.allmusic.com/artist/wu-tang-clan-mn0000959876,,2025-03-24 19:01:23
1069,Outshined,https://www.allmusic.com/artist/soundgarden-mn0000001098,,2025-03-24 19:02:04
1070,Mariners Apartment Complex,https://www.allmusic.com/artist/lana-del-rey-mn0002784799,,2025-03-24 19:02:04
1073,Pompeji,https://www.allmusic.com/artist/deftones-mn0000813946,,2025-03-24 19:02:04
1074,Shoots and Ladders,https://www.allmusic.com/artist/korn-mn0000112789,,2025-03-24 19:02:04
1075,You'll Never Find Me,https://www.allmusic.com/artist/korn-mn0000112789,,2025-03-24 19:02:04
1113,King of the Road,https://www.allmusic.com/artist/roger-miller-mn0000151431,,2025-03-24 19:04:50
1115,Alone With You,https://www.allmusic.com/artist/faron-young-mn0000143951,,2025-03-24 19:05:31
1116,Billie Jean,https://www.allmusic.com/artist/michael-jackson-mn0000467203,,2025-03-24 19:05:31
1117,All Falls Down,https://www.allmusic.com/artist/kanye-west-mn0000361014,,2025-03-24 19:05:31
1118,Let's Stay Together,https://www.allmusic.com/artist/al-green-mn0000607448,,2025-03-24 19:05:31
1119,Money Honey,https://www.allmusic.com/artist/elvis-presley-mn0000180228,,2025-03-24 19:05:31
1120,I Can't Wait (For the Sun to Go Down),https://www.allmusic.com/artist/faron-young-mn0000143951,,2025-03-24 19:05:32
1121,Hand of the Dead Body,https://www.allmusic.com/artist/devin-the-dude-mn0000062761,,2025-03-24 19:05:32
1122,Gloria: In Excelsis Deo/Gloria,https://www.allmusic.com/artist/patti-smith-mn0000747445,,2025-03-24 19:05:32
1123,Cry to Me,https://www.allmusic.com/artist/solomon-burke-mn0000031067,,2025-03-24 19:05:32
1128,Ain't No Grave,https://www.allmusic.com/artist/johnny-cash-mn0000816890,,2025-03-24 19:06:12
1129,Mount Analogue,https://www.allmusic.com/artist/john-zorn-mn0000239329,,2025-03-24 19:06:12
1130,The Golden Streets of Glory,https://www.allmusic.com/artist/dolly-parton-mn0000175286,,2025-03-24 19:06:12
1131,Oleo,https://www.allmusic.com/artist/miles-davis-quintet-mn0000424302,,2025-03-24 19:06:12
1132,My Only Love,https://www.allmusic.com/artist/moby-mn0000477116,,2025-03-24 19:06:13
1134,All I Need,https://www.allmusic.com/artist/method-man-mn0000451483,,2025-03-24 19:06:53
1135,Step Dad,https://www.allmusic.com/artist/kevin-hart-mn0000082798,,2025-03-24 19:06:53
1136,Spiralz,https://www.allmusic.com/artist/zomby-mn0000990404,,2025-03-24 19:06:53
1137,Return,https://www.allmusic.com/artist/brian-eno-mn0000617196,,2025-03-24 19:06:53
1138,Lady Flash,https://www.allmusic.com/artist/the-go%21-team-mn0000397794,,2025-03-24 19:06:53
1139,My Queen Is Ada Eastman,https://www.allmusic.com/artist/sons-of-kemet-mn0003146048,,2025-03-24 19:06:53
1140,(She's So) Selfish,https://www.allmusic.com/artist/the-knack-mn0000087179,,2025-03-24 19:06:54
1141,Someone,https://www.allmusic.com/artist/simple-minds-mn0000049374,,2025-03-24 19:06:54
1142,Stonehenge,https://www.allmusic.com/artist/ruins-mn0000300959,,2025-03-24 19:06:54
1143,Phaedra,https://www.allmusic.com/artist/tangerine-dream-mn0000002411,,2025-03-24 19:07:32
1144,Interstellar Overdrive,https://www.allmusic.com/artist/pink-floyd-mn0000346336,,2025-03-24 19:07:32
1145,Chasing a Bee,https://www.allmusic.com/artist/mercury-rev-mn0000408696,,2025-03-24 19:07:33
1146,Protection,https://www.allmusic.com/artist/massive-attack-mn0000378288,,2025-03-24 19:07:33
1147,For Silence,https://www.allmusic.com/artist/flying-saucer-attack-mn0000803003,,2025-03-24 19:07:33
1148,Twin Peaks,https://www.allmusic.com/artist/angelo-badalamenti-mn0000041431,,2025-03-24 19:07:33
1149,Raga Malika,https://www.allmusic.com/artist/ali-akbar-khan-mn0000742673,,2025-03-24 19:07:33
1150,War Ina Babylon,https://www.allmusic.com/artist/max-romeo-mn0000334101,,2025-03-24 19:07:33
1152,Original Sufferhead,https://www.allmusic.com/artist/fela-kuti-mn0000138833,,2025-03-24 19:07:33
1159,Afro Blue,https://www.allmusic.com/artist/robert-glasper-mn0000288985,,2025-03-24 19:08:13
1160,Saving All My Love For You,https://www.allmusic.com/artist/lester-bowies-brass-fantasy-mn0000213973,,2025-03-24 19:08:13
1163,Indian Summer,https://www.allmusic.com/artist/ron-carter-mn0000275832,,2025-03-24 19:08:54
1164,Red Top,https://www.allmusic.com/artist/erroll-garner-mn0000206967,,2025-03-24 19:08:54
1165,Part I,https://www.allmusic.com/artist/keith-jarrett-mn0000066570,,2025-03-24 19:08:54
1166,I'm in Love with My Car,https://www.allmusic.com/artist/queen-mn0000858827,,2025-03-24 19:08:54
1167,Bohemian Rhapsody,https://www.allmusic.com/artist/queen-mn0000858827,,2025-03-24 19:08:54
1168,Armando's Rhumba,https://www.allmusic.com/artist/chick-corea-mn0000110541,,2025-03-24 19:08:54
1169,King Tubby Meets the Rockers Uptown,https://www.allmusic.com/artist/augustus-pablo-mn0000052151,,2025-03-24 19:08:54
1170,Owner of a Lonely Heart,https://www.allmusic.com/artist/yes-mn0000685647,,2025-03-24 19:08:54
1187,Sweet Thing,https://www.allmusic.com/artist/van-morrison-mn0000307461,,2025-03-24 19:10:15
1188,In the Evening When the Sun Goes Down,https://www.allmusic.com/artist/charles-brown-mn0000805298,,2025-03-24 19:10:15
1190,Fly on the Windscreen,https://www.allmusic.com/artist/depeche-mode-mn0000239921,,2025-03-24 19:10:15
1201,Which Will,https://www.allmusic.com/artist/nick-drake-mn0000336783,,2025-03-24 19:11:35
1202,So What,https://www.allmusic.com/artist/miles-davis-mn0000423829,,2025-03-24 19:11:35
1203,If Ever I See You Again,https://www.allmusic.com/artist/roberta-flack-mn0000290072,,2025-03-24 19:11:35
1204,Thirteen,https://www.allmusic.com/artist/big-star-mn0000051992,,2025-03-24 19:11:35
1206,Here's Where the Story Ends,https://www.allmusic.com/artist/the-sundays-mn0000564726,,2025-03-24 19:11:36
1207,Mam'selle,https://www.allmusic.com/artist/johnny-hartman-mn0000212612,,2025-03-24 19:11:36
1208,Sugar Mountain,https://www.allmusic.com/artist/neil-young-mn0000379125,,2025-03-24 19:11:36
1209,Morning Has Broken,https://www.allmusic.com/artist/cat-stevens-mn0000198480,,2025-03-24 19:11:36
1210,Silent All These Years,https://www.allmusic.com/artist/tori-amos-mn0000792530,,2025-03-24 19:11:36
1214,After All This Time,https://www.allmusic.com/artist/rodney-crowell-mn0000294085,,2025-03-24 19:12:15
1216,Left to My Own Devices,https://www.allmusic.com/artist/pet-shop-boys-mn0000260212,,2025-03-24 19:12:15
1219,Ballad of Forty Dollars,https://www.allmusic.com/artist/tom-t-hall-mn0000515628,,2025-03-24 19:12:15
1228,African Woman,https://www.allmusic.com/artist/burning-spear-mn0000641994,,2025-03-24 19:12:58
1229,Ballade de Melody Nelson,https://www.allmusic.com/artist/serge-gainsbourg-mn0000174822,,2025-03-24 19:12:58
1237,One Nation Under a Groove,https://www.allmusic.com/artist/funkadelic-mn0000187581,,2025-03-24 19:13:42
1241,The Brakes,https://www.allmusic.com/artist/cannonball-adderley-mn0000548338,,2025-03-24 19:14:24
1246,Dust Devil,https://www.allmusic.com/artist/madness-mn0000195874,,2025-03-24 19:14:24
1247,Chant of the Groove [Live],https://www.allmusic.com/artist/coleman-hawkins-his-orchestra-mn0000092350,,2025-03-24 19:14:24
1248,Brief Eternity,https://www.allmusic.com/artist/bobby-mcferrin-mn0000768367,,2025-03-24 19:14:24
1261,Return to Forever,https://www.allmusic.com/artist/airto-moreira-mn0000609992,,2025-03-24 19:15:49
1268,Ghost Town,https://www.allmusic.com/artist/the-specials-mn0000482334,,2025-03-24 19:15:50
1275,For Your Love,https://www.allmusic.com/artist/the-yardbirds-mn0000489303,,2025-03-24 19:16:28
1277,Hokum Stomp,https://www.allmusic.com/artist/big-bill-broonzy-mn0000757873,,2025-03-24 19:16:28
1278,Miles Runs the Voodoo Down,https://www.allmusic.com/artist/miles-davis-mn0000423829,,2025-03-24 19:16:28
1279,Gentle on My Mind,https://www.allmusic.com/artist/glen-campbell-mn0000664378,,2025-03-24 19:17:10
1280,The Sweetest Taboo,https://www.allmusic.com/artist/sade-mn0000279337,,2025-03-24 19:17:10
1282,Wild World,https://www.allmusic.com/artist/cat-stevens-mn0000198480,,2025-03-24 19:17:10
1283,Desafinado,https://www.allmusic.com/artist/stan-getz-mn0000742899,,2025-03-24 19:17:10
1284,Hey Nineteen,https://www.allmusic.com/artist/steely-dan-mn0000011707,,2025-03-24 19:17:10
1285,Midnight Special,https://www.allmusic.com/artist/jimmy-smith-mn0000781172,,2025-03-24 19:17:10
1286,Ventura Highway,https://www.allmusic.com/artist/america-mn0000019297,,2025-03-24 19:17:10
1287,Sara Smile,https://www.allmusic.com/artist/daryl-hall-john-oates-mn0000674887,,2025-03-24 19:17:11
1291,Love Galore,https://www.allmusic.com/artist/sza-mn0003180568,,2025-03-24 19:17:50
1292,Levon,https://www.allmusic.com/artist/elton-john-mn0000796734,,2025-03-24 19:17:50
1293,Power of Persuasion,https://www.allmusic.com/artist/oneohtrix-point-never-mn0001598199,,2025-03-24 19:17:50
1295,Richer Than Errybody,https://www.allmusic.com/artist/gucci-mane-mn0000545523,,2025-03-24 19:17:51
1296,Posse on Bouldercrest,https://www.allmusic.com/artist/gucci-mane-mn0000545523,,2025-03-24 19:17:51
1297,Blue Boy,https://www.allmusic.com/artist/mac-demarco-mn0002872922,,2025-03-24 19:17:51
1302,No Woman No Cry,https://www.allmusic.com/artist/bob-marley-mn0000071514,,2025-03-24 19:18:32
1304,Junker's Blues,https://www.allmusic.com/artist/champion-jack-dupree-mn0000197040,,2025-03-24 19:18:32
1305,"Bright Lights, Big City",https://www.allmusic.com/artist/jimmy-reed-mn0000076881,,2025-03-24 19:18:32
1306,Packin' Trunk Blues,https://www.allmusic.com/artist/lead-belly-mn0000124390,,2025-03-24 19:18:32
1341,Objects in Mirror Are Closer Than They Appear,https://www.allmusic.com/artist/meshell-ndegeocello-mn0000402351,,2025-03-24 19:21:15
1342,See You Again,https://www.allmusic.com/artist/tyler-the-creator-mn0002591087,,2025-03-24 19:21:15
1343,Générique,https://www.allmusic.com/artist/miles-davis-mn0000423829,,2025-03-24 19:21:15
1347,Blue Bayou,https://www.allmusic.com/artist/linda-ronstadt-mn0000686897,,2025-03-24 19:21:16
1350,Santana,https://www.allmusic.com/artist/miles-davis-mn0000423829,,2025-03-24 19:21:53
1352,Human Nature,https://www.allmusic.com/artist/miles-davis-mn0000423829,,2025-03-24 19:21:54
1353,Black Summer,https://www.allmusic.com/artist/red-hot-chili-peppers-mn0000883318,,2025-03-24 19:21:54
1354,You Ain't Seen Nothing Yet,https://www.allmusic.com/artist/bachman-turner-overdrive-mn0000062002,,2025-03-24 19:21:54
1355,That I Get Back Home,https://www.allmusic.com/artist/nrbq-mn0000377908,,2025-03-24 19:21:54
1356,London Ting//Dark as Fuck,https://www.allmusic.com/artist/loraine-james-mn0003861000,,2025-03-24 19:21:54
1357,Right Back to It,https://www.allmusic.com/artist/waxahatchee-mn0002845726,,2025-03-24 19:21:54
1374,No Tengo Dinero,https://www.allmusic.com/artist/juan-gabriel-mn0000240252,,2025-03-24 19:23:14
1378,Sleepless,https://www.allmusic.com/artist/andy-stott-mn0000975878,,2025-03-24 19:23:53
1380,Went to See the Gypsy,https://www.allmusic.com/artist/bob-dylan-mn0000066915,,2025-03-24 19:23:53
1383,Zenith,https://www.allmusic.com/artist/ghost-mn0002616588,,2025-03-24 19:23:54
1398,The Wrong Nigga to Fuck Wit,https://www.allmusic.com/artist/ice-cube-mn0000086065,,2025-03-24 19:25:53
1399,Big Poppa,https://www.allmusic.com/artist/the-notorious-big-mn0000892827,,2025-03-24 19:25:53
1417,Mary Jane's Last Dance,https://www.allmusic.com/artist/tom-petty-the-heartbreakers-mn0000614137,,2025-03-24 19:27:15
1424,(I Keep A) Close Watch,https://www.allmusic.com/artist/john-cale-mn0000224638,,2025-03-24 19:27:52
1425,Spillways,https://www.allmusic.com/artist/ghost-mn0002616588,,2025-03-24 19:27:53
1433,On the Road Again,https://www.allmusic.com/artist/willie-nelson-mn0000583959,,2025-03-24 19:28:32
1434,"So Fresh, So Clean",https://www.allmusic.com/artist/outkast-mn0000420381,,2025-03-24 19:28:32
1435,Me and Paul,https://www.allmusic.com/artist/willie-nelson-mn0000583959,,2025-03-24 19:28:33
1438,Energy,https://www.allmusic.com/artist/a-guy-called-gerald-mn0000919598,,2025-03-24 19:29:11
1439,Odyssey,https://www.allmusic.com/artist/borderland-mn0003504368,,2025-03-24 19:29:11
1440,Rerelease Hysteresis,https://www.allmusic.com/artist/mouse-on-mars-mn0000929800,,2025-03-24 19:29:11
1441,Finesse,https://www.allmusic.com/artist/bruno-mars-mn0001032082,,2025-03-24 19:29:11
1442,Amplified Sample,https://www.allmusic.com/artist/gza-mn0000170084,,2025-03-24 19:29:11
1443,Love Cry,https://www.allmusic.com/artist/four-tet-mn0000741236,,2025-03-24 19:29:12
1444,Good Drank,https://www.allmusic.com/artist/2-chainz-mn0002748040,,2025-03-24 19:29:12
1445,Epithalame,https://www.allmusic.com/artist/art-zoyd-mn0000526901,,2025-03-24 19:29:12
1447,Definition,https://www.allmusic.com/artist/black-star-mn0000098433,,2025-03-24 19:29:52
1450,Ambient 1: Music for Airports~1/1,https://www.allmusic.com/artist/brian-eno-mn0000617196,,2025-03-24 19:29:52
1452,Zebra,https://www.allmusic.com/artist/beach-house-mn0000998969,,2025-03-24 19:29:52
1453,Wake-Up Call,https://www.allmusic.com/artist/chick-corea-mn0000110541,,2025-03-24 19:29:52
1455,Remember (Walking in the Sand),https://www.allmusic.com/artist/the-shangri-las-mn0000418955,,2025-03-24 19:30:31
1456,The Sun Ain't Gonna Shine (Anymore),https://www.allmusic.com/artist/the-walker-brothers-mn0000582024,,2025-03-24 19:30:31
1457,Emma's House,https://www.allmusic.com/artist/the-field-mice-mn0000066869,,2025-03-24 19:30:31
1458,Hello Walls,https://www.allmusic.com/artist/faron-young-mn0000143951,,2025-03-24 19:30:31
1459,Maggie May,https://www.allmusic.com/artist/rod-stewart-mn0000293896,,2025-03-24 19:30:31
1460,"100,000 Fireflies",https://www.allmusic.com/artist/the-magnetic-fields-mn0000056358,,2025-03-24 19:30:31
1461,Walking Wounded,https://www.allmusic.com/artist/everything-but-the-girl-mn0000127360,,2025-03-24 19:30:32
1462,Goin' Back,https://www.allmusic.com/artist/dusty-springfield-mn0000159214,,2025-03-24 19:30:32
1463,Hot Burrito No. 2,https://www.allmusic.com/artist/the-flying-burrito-brothers-mn0000194703,,2025-03-24 19:30:32
1464,Only the Lonely,https://www.allmusic.com/artist/roy-orbison-mn0000852007,,2025-03-24 19:30:32
1467,Wonderful! Wonderful!,https://www.allmusic.com/artist/johnny-mathis-mn0000246885,,2025-03-24 19:31:10
1497,Ring the Alarm Quick,https://www.allmusic.com/artist/buju-banton-mn0000939187,,2025-03-24 19:33:11
1499,In the Morning,https://www.allmusic.com/artist/j-cole-mn0001089515,,2025-03-24 19:33:11
1501,As We Enter,https://www.allmusic.com/artist/damian-marley-mn0000951374,,2025-03-24 19:33:11
1502,"Hail Caesar!~Hail, Caesar!",https://www.allmusic.com/artist/carter-burwell-mn0000149173,,2025-03-24 19:33:11
1504,Precious Things,https://www.allmusic.com/artist/lupe-fiasco-mn0000239628,,2025-03-24 19:33:52
1505,LUMBERJACK,https://www.allmusic.com/artist/tyler-the-creator-mn0002591087,,2025-03-24 19:33:52
1510,Part 1. Introduction,https://www.allmusic.com/artist/mike-oldfield-mn0000489520,,2025-03-24 19:35:13
1521,"Oh, Me",https://www.allmusic.com/artist/meat-puppets-mn0000339577,,2025-03-24 19:35:52
1526,OV zarmanali (Hymn of the baptism of Christ),https://www.allmusic.com/artist/jan-garbarek-mn0000809334,,2025-03-24 19:36:36
1530,My Blue Heaven,https://www.allmusic.com/artist/fats-domino-mn0000137494,,2025-03-24 19:37:16
