id,name,created_at,url
1,Prueba,2025-03-24 17:08:19,https://www.tooltyp.com/wp-content/uploads/2014/10/1900x920-8-beneficios-de-usar-imagenes-en-nuestros-sitios-web.jpg
2,Acerbic,2025-03-24 17:40:46,
3,Aggressive,2025-03-24 17:41:26,
4,Agreeable,2025-03-24 17:42:04,
5,Airy,2025-03-24 17:42:50,
6,Ambitious,2025-03-24 17:43:30,
7,Amiable/Good-Natured,2025-03-24 17:44:11,
8,Angry,2025-03-24 17:44:52,
9,Angst-Ridden,2025-03-24 17:45:33,
10,Anguished/Distraught,2025-03-24 17:46:13,
11,Angular,2025-03-24 17:46:57,
12,Animated,2025-03-24 17:47:36,
13,Anthemic,2025-03-24 17:48:21,
14,Apocalyptic,2025-03-24 17:49:00,
15,Arid,2025-03-24 17:49:53,
16,Athletic,2025-03-24 17:50:38,
17,Atmospheric,2025-03-24 17:51:18,
18,Austere,2025-03-24 17:51:57,
19,Autumnal,2025-03-24 17:52:46,
20,Belligerent,2025-03-24 17:53:26,
21,Benevolent,2025-03-24 17:54:06,
22,Bitter,2025-03-24 17:54:45,
23,Bittersweet,2025-03-24 17:55:26,
24,Bleak,2025-03-24 17:56:05,
25,Boisterous,2025-03-24 17:56:51,
26,Bombastic,2025-03-24 17:57:32,
27,Bouncy,2025-03-24 17:58:20,
28,Brash,2025-03-24 17:59:02,
29,Brassy,2025-03-24 17:59:43,
30,Bravado,2025-03-24 18:00:26,
31,Bright,2025-03-24 18:01:12,
32,Brittle,2025-03-24 18:01:52,
33,Brooding,2025-03-24 18:02:35,
34,Calm/Peaceful,2025-03-24 18:03:16,
35,Campy,2025-03-24 18:04:00,
36,Capricious,2025-03-24 18:04:45,
37,Carefree,2025-03-24 18:05:28,
38,Cartoonish,2025-03-24 18:06:12,
39,Cathartic,2025-03-24 18:06:55,
40,Celebratory,2025-03-24 18:07:36,
41,Cerebral,2025-03-24 18:08:19,
42,Cheerful,2025-03-24 18:09:01,
43,Child-like,2025-03-24 18:09:46,
44,Circular,2025-03-24 18:10:28,
45,Clinical,2025-03-24 18:11:09,
46,Cold,2025-03-24 18:11:51,
47,Comic,2025-03-24 18:12:30,
48,Complex,2025-03-24 18:13:10,
49,Concise,2025-03-24 18:13:51,
50,Confessional,2025-03-24 18:14:34,
51,Confident,2025-03-24 18:15:15,
52,Confrontational,2025-03-24 18:15:56,
53,Cosmopolitan,2025-03-24 18:16:38,
54,Crunchy,2025-03-24 18:17:20,
55,Cute,2025-03-24 18:18:06,
56,Cynical/Sarcastic,2025-03-24 18:18:52,
57,Dark,2025-03-24 18:19:39,
58,Declamatory,2025-03-24 18:20:19,
59,Defiant,2025-03-24 18:21:06,
60,Delicate,2025-03-24 18:21:49,
61,Demonic,2025-03-24 18:22:34,
62,Desperate,2025-03-24 18:23:16,
63,Detached,2025-03-24 18:24:02,
64,Devotional,2025-03-24 18:24:50,
65,Difficult,2025-03-24 18:25:37,
66,Dignified/Noble,2025-03-24 18:26:19,
67,Dissonant,2025-03-24 18:27:02,
68,Dramatic,2025-03-24 18:27:44,
69,Dreamy,2025-03-24 18:28:27,
70,Driving,2025-03-24 18:29:09,
71,Druggy,2025-03-24 18:29:50,
72,Earnest,2025-03-24 18:30:33,
73,Earthy,2025-03-24 18:31:14,
74,Ebullient,2025-03-24 18:31:58,
75,Eccentric,2025-03-24 18:32:41,
76,Ecstatic,2025-03-24 18:33:25,
77,Eerie,2025-03-24 18:34:07,
78,Effervescent,2025-03-24 18:34:48,
79,Elaborate,2025-03-24 18:35:32,
80,Elegant,2025-03-24 18:36:13,
81,Elegiac,2025-03-24 18:36:55,
82,Energetic,2025-03-24 18:37:37,
83,Enigmatic,2025-03-24 18:38:15,
84,Epic,2025-03-24 18:39:00,
85,Erotic,2025-03-24 18:39:44,
86,Ethereal,2025-03-24 18:40:24,
87,Euphoric,2025-03-24 18:41:06,
88,Exciting,2025-03-24 18:41:49,
89,Exotic,2025-03-24 18:42:29,
90,Exploratory,2025-03-24 18:43:09,
91,Explosive,2025-03-24 18:43:52,
92,Extroverted,2025-03-24 18:44:36,
93,Exuberant,2025-03-24 18:45:20,
94,Fantastic/Fantasy-like,2025-03-24 18:46:03,
95,Feral,2025-03-24 18:46:46,
96,Feverish,2025-03-24 18:47:28,
97,Fierce,2025-03-24 18:48:11,
98,Fiery,2025-03-24 18:48:53,
99,Flashy,2025-03-24 18:49:36,
100,Flowing,2025-03-24 18:50:17,
101,Fractured,2025-03-24 18:50:59,
102,Freewheeling,2025-03-24 18:51:39,
103,Fun,2025-03-24 18:52:20,
104,Funereal,2025-03-24 18:53:01,
105,Gentle,2025-03-24 18:53:41,
106,Giddy,2025-03-24 18:54:21,
107,Gleeful,2025-03-24 18:55:05,
108,Gloomy,2025-03-24 18:55:44,
109,Graceful,2025-03-24 18:56:29,
110,Greasy,2025-03-24 18:57:09,
111,Grim,2025-03-24 18:57:52,
112,Gritty,2025-03-24 18:58:36,
113,Gutsy,2025-03-24 18:59:18,
114,Happy,2025-03-24 19:00:03,
115,Harsh,2025-03-24 19:00:44,
116,Heavy,2025-03-24 19:01:23,
117,Hedonistic,2025-03-24 19:02:04,
118,Heroic,2025-03-24 19:02:45,
119,Hostile,2025-03-24 19:03:27,
120,Humorous,2025-03-24 19:04:08,
121,Hungry,2025-03-24 19:04:50,
122,Hymn-like,2025-03-24 19:05:32,
123,Hyper,2025-03-24 19:06:13,
124,Hypnotic,2025-03-24 19:06:54,
125,Improvisatory,2025-03-24 19:07:33,
126,Indulgent,2025-03-24 19:08:13,
127,Innocent,2025-03-24 19:08:54,
128,Insular,2025-03-24 19:09:35,
129,Intense,2025-03-24 19:10:15,
130,Intimate,2025-03-24 19:10:57,
131,Introspective,2025-03-24 19:11:36,
132,Ironic,2025-03-24 19:12:15,
133,Irreverent,2025-03-24 19:12:58,
134,Jovial,2025-03-24 19:13:42,
135,Joyous,2025-03-24 19:14:24,
136,Kinetic,2025-03-24 19:15:07,
137,Knotty,2025-03-24 19:15:50,
138,Laid-Back/Mellow,2025-03-24 19:16:28,
139,Languid,2025-03-24 19:17:11,
140,Lazy,2025-03-24 19:17:51,
141,Light,2025-03-24 19:18:32,
142,Literate,2025-03-24 19:19:13,
143,Lively,2025-03-24 19:19:54,
144,Lonely,2025-03-24 19:20:34,
145,Loose,2025-03-24 19:21:16,
146,Lush,2025-03-24 19:21:54,
147,Lyrical,2025-03-24 19:22:34,
148,Macabre,2025-03-24 19:23:14,
149,Magical,2025-03-24 19:23:54,
150,Majestic,2025-03-24 19:24:36,
151,Malevolent,2025-03-24 19:25:14,
152,Manic,2025-03-24 19:25:53,
153,Marching,2025-03-24 19:26:34,
154,Martial,2025-03-24 19:27:16,
155,Meandering,2025-03-24 19:27:53,
156,Mechanical,2025-03-24 19:28:33,
157,Meditative,2025-03-24 19:29:12,
158,Melancholy,2025-03-24 19:29:52,
159,Melodic,2025-03-24 19:30:32,
160,Menacing,2025-03-24 19:31:11,
161,Messy,2025-03-24 19:31:50,
162,Mighty,2025-03-24 19:32:31,
163,Monastic,2025-03-24 19:33:11,
164,Monumental,2025-03-24 19:33:52,
165,Motoric,2025-03-24 19:34:33,
166,Mysterious,2025-03-24 19:35:13,
167,Mystical,2025-03-24 19:35:52,
168,Naive,2025-03-24 19:36:36,
169,Narcotic,2025-03-24 19:37:17,
170,Narrative,2025-03-24 19:52:59,
